family,baseline_A,baseline_S,baseline_ASR,baseline_lo,baseline_hi,defended_A,defended_S,defended_ASR,defended_lo,defended_hi
injection,357,5,0.014005602240896359,0.005996710583137721,0.03236250298868992,357,0,0.0,0.0,0.010646222608479732
leak,386,0,0.0,0.0,0.00985425875535089,386,0,0.0,0.0,0.00985425875535089
poison,350,0,0.0,0.0,0.010856835374924824,350,0,0.0,0.0,0.010856835374924824
rag,371,0,0.0,0.0,0.010248595673479145,371,0,0.0,0.0,0.010248595673479145
role,351,53,0.150997150997151,0.1173300093266685,0.19222106923909152,351,0,0.0,0.0,0.010826239088088881
tool,529,105,0.19848771266540643,0.16672464738615736,0.23459837243812065,529,0,0.0,0.0,0.007209647294805811
