family,baseline_A,baseline_S,baseline_ASR,baseline_lo,baseline_hi,defended_A,defended_S,defended_ASR,defended_lo,defended_hi
injection,357,9,0.025210084033613446,0.013318530333640846,0.04721107600886512,357,0,0.0,0.0,0.010646222608479732
leak,386,0,0.0,0.0,0.00985425875535089,386,0,0.0,0.0,0.00985425875535089
poison,350,1,0.002857142857142857,0.0005045210608510123,0.01600456096907424,350,0,0.0,0.0,0.010856835374924824
rag,371,0,0.0,0.0,0.010248595673479145,371,0,0.0,0.0,0.010248595673479145
role,351,92,0.2621082621082621,0.21885242332258795,0.31051504655693013,351,0,0.0,0.0,0.010826239088088881
tool,529,172,0.32514177693761814,0.2866084326233804,0.36619645348160834,529,0,0.0,0.0,0.007209647294805811
